slug,記事タイトル,商品名,わんにゃん薬局URL,アフィリエイトURL
ai-recommended-pet-medicine,AIが選ぶおすすめペット医薬品2026｜フィラリア・ノミダニ薬の最新比較,レボリューション(犬用),https://biodiversityexplorer.org/product.php?pid=387,https://mttag.com/s/L7IrW864-jY
ai-recommended-pet-medicine,AIが選ぶおすすめペット医薬品2026｜フィラリア・ノミダニ薬の最新比較,ネクスガード,https://biodiversityexplorer.org/product.php?pid=38,https://mttag.com/s/MFppScuKzeM
ai-recommended-pet-medicine,AIが選ぶおすすめペット医薬品2026｜フィラリア・ノミダニ薬の最新比較,セミントラ,https://biodiversityexplorer.org/product.php?pid=101,https://mttag.com/s/lr269oGXelI
cat-blood-in-urine,猫の血尿の原因と対処法｜膀胱炎・尿路結石のケア方法,ザイロリックジェネリック,https://biodiversityexplorer.org/product.php?pid=347,https://mttag.com/s/IHXwqRzL2AE
cat-diarrhea-treatment,猫の下痢が治らない原因と対処法｜自宅ケアの限界と受診の目安,アジプロ,https://biodiversityexplorer.org/product.php?pid=346,https://mttag.com/s/03MHzTD5gGM
cat-diarrhea-treatment,猫の下痢が治らない原因と対処法｜自宅ケアの限界と受診の目安,ジスロマック錠,https://biodiversityexplorer.org/product.php?pid=164,https://mttag.com/s/QlCa-I83UNc
cat-disease-treatment-guide,猫の病気と対処法まとめ｜症状別チェックリストと自宅ケア方法,フィプロフォートプラス(猫用),https://biodiversityexplorer.org/product.php?pid=28,https://mttag.com/s/yaFOovyO8ac
cat-disease-treatment-guide,猫の病気と対処法まとめ｜症状別チェックリストと自宅ケア方法,セミントラ,https://biodiversityexplorer.org/product.php?pid=101,https://mttag.com/s/lr269oGXelI
cat-disease-treatment-guide,猫の病気と対処法まとめ｜症状別チェックリストと自宅ケア方法,ミルプラゾンチュアブル(猫用),https://biodiversityexplorer.org/product.php?pid=297,https://mttag.com/s/GERGlgYfF50
cat-ear-mite-medicine,猫の耳ダニ薬比較｜スポットタイプと点耳薬どちらが効果的？,レボスポット(猫用),https://biodiversityexplorer.org/product.php?pid=293,https://mttag.com/s/a58oRD1Uj4U
cat-ear-mite-medicine,猫の耳ダニ薬比較｜スポットタイプと点耳薬どちらが効果的？,フィプロフォートプラス(猫用),https://biodiversityexplorer.org/product.php?pid=28,https://mttag.com/s/yaFOovyO8ac
cat-excessive-thirst,猫が水をよく飲む理由と病気のサイン｜腎臓病・糖尿病との関係,セミントラ,https://biodiversityexplorer.org/product.php?pid=101,https://mttag.com/s/lr269oGXelI
cat-excessive-thirst,猫が水をよく飲む理由と病気のサイン｜腎臓病・糖尿病との関係,テルミサルタン錠,https://biodiversityexplorer.org/product.php?pid=364,https://mttag.com/s/am7MJ50Uo6A
cat-eye-discharge,猫の目やにが多い原因と対処法｜結膜炎・ウイルス感染のケア,ファムシクロビル,https://biodiversityexplorer.org/product.php?pid=401,https://mttag.com/s/yYP6UrhNh8Q
cat-eye-discharge,猫の目やにが多い原因と対処法｜結膜炎・ウイルス感染のケア,ジスロマック錠,https://biodiversityexplorer.org/product.php?pid=164,https://mttag.com/s/QlCa-I83UNc
cat-flea-medicine-ranking,猫のノミ駆除薬ランキング｜効果・安全性・コスパで徹底比較,フィプロフォートプラス(猫用),https://biodiversityexplorer.org/product.php?pid=28,https://mttag.com/s/yaFOovyO8ac
cat-flea-medicine-ranking,猫のノミ駆除薬ランキング｜効果・安全性・コスパで徹底比較,レボスポット(猫用),https://biodiversityexplorer.org/product.php?pid=293,https://mttag.com/s/a58oRD1Uj4U
cat-hair-loss,猫の毛が抜ける原因と病気｜季節性の抜け毛との違いを解説,わんにゃん薬局トップ,https://biodiversityexplorer.org/,https://mttag.com/s/CiN-gOTx1i8
cat-heartworm-prevention,猫のフィラリア予防は必要？感染リスクと予防薬の選び方【2026年最新】,レボスポット(猫用),https://biodiversityexplorer.org/product.php?pid=293,https://mttag.com/s/a58oRD1Uj4U
cat-heartworm-prevention,猫のフィラリア予防は必要？感染リスクと予防薬の選び方【2026年最新】,ミルプラゾンチュアブル(猫用),https://biodiversityexplorer.org/product.php?pid=297,https://mttag.com/s/GERGlgYfF50
cat-no-appetite,猫が食欲ない原因と対処法｜何日続いたら危険？,わんにゃん薬局トップ,https://biodiversityexplorer.org/,https://mttag.com/s/CiN-gOTx1i8
cat-skin-inflammation,猫の皮膚炎が治らない原因と対処法｜薬での改善方法も解説,ケトコナゾールクリーム,https://biodiversityexplorer.org/product.php?pid=326,https://mttag.com/s/PZ5EbBMtJag
cat-sneezing-cause,猫のくしゃみが止まらない原因｜ウイルス感染・アレルギーの対処法,ファムシクロビル,https://biodiversityexplorer.org/product.php?pid=401,https://mttag.com/s/yYP6UrhNh8Q
cat-sneezing-cause,猫のくしゃみが止まらない原因｜ウイルス感染・アレルギーの対処法,アジプロ,https://biodiversityexplorer.org/product.php?pid=346,https://mttag.com/s/03MHzTD5gGM
cat-tapeworm-medicine,猫の条虫（サナダムシ）の駆除薬と対処法｜感染サインを見逃さない,ミルプラゾンチュアブル(猫用),https://biodiversityexplorer.org/product.php?pid=297,https://mttag.com/s/GERGlgYfF50
cat-vomiting-yellow,猫が黄色い液を吐く原因と対処法｜緊急性の判断基準,アジプロ,https://biodiversityexplorer.org/product.php?pid=346,https://mttag.com/s/03MHzTD5gGM
cat-worm-in-stool,猫の便に虫がいる原因と対処法｜寄生虫の種類と駆除方法,ミルプラゾンチュアブル(猫用),https://biodiversityexplorer.org/product.php?pid=297,https://mttag.com/s/GERGlgYfF50
dog-bloating-cause,犬のお腹が張る原因と対処法｜緊急性が高い症状の見分け方,わんにゃん薬局トップ,https://biodiversityexplorer.org/,https://mttag.com/s/CiN-gOTx1i8
dog-body-odor,犬の体臭が強い原因と対処法｜皮膚病・口臭・肛門腺との関係,わんにゃん薬局トップ,https://biodiversityexplorer.org/,https://mttag.com/s/CiN-gOTx1i8
dog-cat-same-medicine,犬と猫に同じ薬は使える？種類別の注意点と危険な組み合わせ,わんにゃん薬局トップ,https://biodiversityexplorer.org/,https://mttag.com/s/CiN-gOTx1i8
dog-cough-cause,犬の咳が止まらない原因｜フィラリア・ケンネルコフとの見分け方,わんにゃん薬局トップ,https://biodiversityexplorer.org/,https://mttag.com/s/CiN-gOTx1i8
dog-dandruff-cause,犬のフケが多い原因と対処法｜皮膚トラブルのサインを見逃さない,ケトコナゾールクリーム,https://biodiversityexplorer.org/product.php?pid=326,https://mttag.com/s/PZ5EbBMtJag
dog-dandruff-cause,犬のフケが多い原因と対処法｜皮膚トラブルのサインを見逃さない,エリナEP,https://biodiversityexplorer.org/product.php?pid=22,https://mttag.com/s/rs91mxlopmA
dog-diarrhea-cause-treatment,犬の下痢が続く原因と対処法｜いつ病院に行くべきか【2026年版】,アジプロ,https://biodiversityexplorer.org/product.php?pid=346,https://mttag.com/s/03MHzTD5gGM
dog-diarrhea-cause-treatment,犬の下痢が続く原因と対処法｜いつ病院に行くべきか【2026年版】,ジスロマック錠,https://biodiversityexplorer.org/product.php?pid=164,https://mttag.com/s/QlCa-I83UNc
dog-ear-mite-treatment,犬の耳ダニの症状と治療法｜自宅でできるケアと薬の選び方,レボリューション(犬用),https://biodiversityexplorer.org/product.php?pid=387,https://mttag.com/s/L7IrW864-jY
dog-flea-tick-medicine-compare,犬のノミダニ薬おすすめ比較｜スポット・チュアブル・首輪タイプの違い,ネクスガード,https://biodiversityexplorer.org/product.php?pid=38,https://mttag.com/s/MFppScuKzeM
dog-flea-tick-medicine-compare,犬のノミダニ薬おすすめ比較｜スポット・チュアブル・首輪タイプの違い,シンパリカ,https://biodiversityexplorer.org/product.php?pid=26,https://mttag.com/s/OITQJb-VRRc
dog-flea-tick-medicine-compare,犬のノミダニ薬おすすめ比較｜スポット・チュアブル・首輪タイプの違い,ネクスガードスペクトラ,https://biodiversityexplorer.org/product.php?pid=11,https://mttag.com/s/PadhsxDEeZQ
dog-frequent-urination,犬の尿の回数が多い原因｜泌尿器トラブルの対処法【2026年最新】,ザイロリックジェネリック,https://biodiversityexplorer.org/product.php?pid=347,https://mttag.com/s/IHXwqRzL2AE
dog-health-management-complete-guide,犬の健康管理完全ガイド｜年齢別ケア・予防接種・寄生虫対策まとめ,レボリューション(犬用),https://biodiversityexplorer.org/product.php?pid=387,https://mttag.com/s/L7IrW864-jY
dog-health-management-complete-guide,犬の健康管理完全ガイド｜年齢別ケア・予防接種・寄生虫対策まとめ,ネクスガード,https://biodiversityexplorer.org/product.php?pid=38,https://mttag.com/s/MFppScuKzeM
dog-heartworm-medicine-recommend,犬のフィラリア薬おすすめ5選｜動物病院より安く買う方法【2026年】,レボリューション(犬用),https://biodiversityexplorer.org/product.php?pid=387,https://mttag.com/s/L7IrW864-jY
dog-heartworm-medicine-recommend,犬のフィラリア薬おすすめ5選｜動物病院より安く買う方法【2026年】,ネクスガードスペクトラ,https://biodiversityexplorer.org/product.php?pid=11,https://mttag.com/s/PadhsxDEeZQ
dog-heartworm-medicine-recommend,犬のフィラリア薬おすすめ5選｜動物病院より安く買う方法【2026年】,レボスポット(犬用),https://biodiversityexplorer.org/product.php?pid=411,https://mttag.com/s/pvX21MqTlgA
dog-itching-cause,犬がかゆがる原因と対処法｜ノミ・アレルギー・皮膚炎を徹底解説,ネクスガード,https://biodiversityexplorer.org/product.php?pid=38,https://mttag.com/s/MFppScuKzeM
dog-itching-cause,犬がかゆがる原因と対処法｜ノミ・アレルギー・皮膚炎を徹底解説,ケトコナゾールクリーム,https://biodiversityexplorer.org/product.php?pid=326,https://mttag.com/s/PZ5EbBMtJag
dog-itching-cause,犬がかゆがる原因と対処法｜ノミ・アレルギー・皮膚炎を徹底解説,エリナEP,https://biodiversityexplorer.org/product.php?pid=22,https://mttag.com/s/rs91mxlopmA
dog-lethargy-cause,犬が元気ない・ぐったりしている原因｜見逃せない症状チェックリスト,わんにゃん薬局トップ,https://biodiversityexplorer.org/,https://mttag.com/s/CiN-gOTx1i8
dog-roundworm-treatment,犬の回虫駆除方法と薬の選び方｜感染経路と予防法も解説,ミルプラゾンチュアブル(猫用),https://biodiversityexplorer.org/product.php?pid=297,https://mttag.com/s/GERGlgYfF50
dog-roundworm-treatment,犬の回虫駆除方法と薬の選び方｜感染経路と予防法も解説,ネクスガードスペクトラ,https://biodiversityexplorer.org/product.php?pid=11,https://mttag.com/s/PadhsxDEeZQ
dog-shaking-cause,犬が震える原因と対処法｜寒さ・痛み・病気の見分け方,わんにゃん薬局トップ,https://biodiversityexplorer.org/,https://mttag.com/s/CiN-gOTx1i8
dog-vomiting-cause,犬が嘔吐を繰り返す原因7つ｜危険なサインの見分け方,アジプロ,https://biodiversityexplorer.org/product.php?pid=346,https://mttag.com/s/03MHzTD5gGM
dryer-recommend,一人暮らしにおすすめのドライヤー5選,わんにゃん薬局トップ,https://biodiversityexplorer.org/,https://mttag.com/s/CiN-gOTx1i8
flea-tick-medicine-cost-compare,ノミダニ薬コスパ比較｜犬猫別おすすめ商品と価格一覧【2026年版】,ネクスガード,https://biodiversityexplorer.org/product.php?pid=38,https://mttag.com/s/MFppScuKzeM
flea-tick-medicine-cost-compare,ノミダニ薬コスパ比較｜犬猫別おすすめ商品と価格一覧【2026年版】,シンパリカ,https://biodiversityexplorer.org/product.php?pid=26,https://mttag.com/s/OITQJb-VRRc
flea-tick-medicine-cost-compare,ノミダニ薬コスパ比較｜犬猫別おすすめ商品と価格一覧【2026年版】,フィプロフォートプラス(猫用),https://biodiversityexplorer.org/product.php?pid=28,https://mttag.com/s/yaFOovyO8ac
flea-tick-medicine-danger,ノミダニ薬の危険性と安全な使い方｜過剰投与・誤使用を防ぐ,ネクスガード,https://biodiversityexplorer.org/product.php?pid=38,https://mttag.com/s/MFppScuKzeM
flea-tick-medicine-danger,ノミダニ薬の危険性と安全な使い方｜過剰投与・誤使用を防ぐ,シンパリカ,https://biodiversityexplorer.org/product.php?pid=26,https://mttag.com/s/OITQJb-VRRc
heartworm-medicine-cheapest-ranking,フィラリア薬最安ランキング｜動物病院との価格差と通販の選び方,レボリューション(犬用),https://biodiversityexplorer.org/product.php?pid=387,https://mttag.com/s/L7IrW864-jY
heartworm-medicine-cheapest-ranking,フィラリア薬最安ランキング｜動物病院との価格差と通販の選び方,レボスポット(犬用),https://biodiversityexplorer.org/product.php?pid=411,https://mttag.com/s/pvX21MqTlgA
heartworm-medicine-cheapest-ranking,フィラリア薬最安ランキング｜動物病院との価格差と通販の選び方,ネクスガードスペクトラ,https://biodiversityexplorer.org/product.php?pid=11,https://mttag.com/s/PadhsxDEeZQ
heartworm-medicine-side-effects,フィラリア薬の副作用はある？安全に使うための注意点【獣医師監修】,レボリューション(犬用),https://biodiversityexplorer.org/product.php?pid=387,https://mttag.com/s/L7IrW864-jY
heartworm-medicine-side-effects,フィラリア薬の副作用はある？安全に使うための注意点【獣医師監修】,ネクスガードスペクトラ,https://biodiversityexplorer.org/product.php?pid=11,https://mttag.com/s/PadhsxDEeZQ
overseas-pet-medicine-safety,海外のペット薬の安全性｜正規品確認の方法と信頼できる購入先,わんにゃん薬局トップ,https://biodiversityexplorer.org/,https://mttag.com/s/CiN-gOTx1i8
parasite-medicine-recommend-ranking,駆虫薬おすすめランキング｜フィラリア・回虫・条虫別の選び方【2026年最新版】,レボリューション(犬用),https://biodiversityexplorer.org/product.php?pid=387,https://mttag.com/s/L7IrW864-jY
parasite-medicine-recommend-ranking,駆虫薬おすすめランキング｜フィラリア・回虫・条虫別の選び方【2026年最新版】,ネクスガードスペクトラ,https://biodiversityexplorer.org/product.php?pid=11,https://mttag.com/s/PadhsxDEeZQ
parasite-medicine-recommend-ranking,駆虫薬おすすめランキング｜フィラリア・回虫・条虫別の選び方【2026年最新版】,ミルプラゾンチュアブル(猫用),https://biodiversityexplorer.org/product.php?pid=297,https://mttag.com/s/GERGlgYfF50
pet-medicine-fake-identification,ペット薬の偽物を見分ける方法｜正規品を安全に購入するポイント,わんにゃん薬局トップ,https://biodiversityexplorer.org/,https://mttag.com/s/CiN-gOTx1i8
pet-medicine-genuine-selection,ペット医薬品の正規品の選び方｜信頼できる通販サイトの見極め方,わんにゃん薬局トップ,https://biodiversityexplorer.org/,https://mttag.com/s/CiN-gOTx1i8
pet-medicine-human-effect,ペットの駆虫薬は人間に影響がある？接触時の注意点を解説,わんにゃん薬局トップ,https://biodiversityexplorer.org/,https://mttag.com/s/CiN-gOTx1i8
pet-medicine-online-legal,ペット薬の通販は違法？個人輸入の法律と安全な購入方法を解説,わんにゃん薬局トップ,https://biodiversityexplorer.org/,https://mttag.com/s/CiN-gOTx1i8
pet-medicine-online-shop-compare,ペット医薬品通販サイト比較｜価格・安全性・発送速度を徹底検証,わんにゃん薬局トップ,https://biodiversityexplorer.org/,https://mttag.com/s/CiN-gOTx1i8
pet-medicine-otc-vs-online,ペット駆虫薬は市販と通販どちらがいい？価格・成分・安全性を比較【2026年最新】,わんにゃん薬局トップ,https://biodiversityexplorer.org/,https://mttag.com/s/CiN-gOTx1i8
pet-medicine-overdose-risk,ペット薬の過剰摂取リスクと対処法｜誤飲・誤投与した場合の応急処置,わんにゃん薬局トップ,https://biodiversityexplorer.org/,https://mttag.com/s/CiN-gOTx1i8
pet-medicine-personal-import-safe,ペット医薬品の個人輸入は安全？法律・リスク・正しい選び方を解説,わんにゃん薬局トップ,https://biodiversityexplorer.org/,https://mttag.com/s/CiN-gOTx1i8
pet-medicine-same-day-shipping,ペット薬の即日・翌日発送対応サイトまとめ｜緊急時に頼れる通販先,レボリューション(犬用),https://biodiversityexplorer.org/product.php?pid=387,https://mttag.com/s/L7IrW864-jY
pet-medicine-same-day-shipping,ペット薬の即日・翌日発送対応サイトまとめ｜緊急時に頼れる通販先,ネクスガード,https://biodiversityexplorer.org/product.php?pid=38,https://mttag.com/s/MFppScuKzeM
pet-parasite-complete-guide,ペットの寄生虫完全ガイド｜フィラリア・ノミ・回虫の予防と対処法,レボリューション(犬用),https://biodiversityexplorer.org/product.php?pid=387,https://mttag.com/s/L7IrW864-jY
pet-parasite-complete-guide,ペットの寄生虫完全ガイド｜フィラリア・ノミ・回虫の予防と対処法,ネクスガード,https://biodiversityexplorer.org/product.php?pid=38,https://mttag.com/s/MFppScuKzeM
pet-parasite-complete-guide,ペットの寄生虫完全ガイド｜フィラリア・ノミ・回虫の予防と対処法,ミルプラゾンチュアブル(猫用),https://biodiversityexplorer.org/product.php?pid=297,https://mttag.com/s/GERGlgYfF50
pet-parasite-prevention-guide,ペットの寄生虫対策まとめ｜フィラリア・ノミ・ダニ・回虫の完全予防法,レボリューション(犬用),https://biodiversityexplorer.org/product.php?pid=387,https://mttag.com/s/L7IrW864-jY
pet-parasite-prevention-guide,ペットの寄生虫対策まとめ｜フィラリア・ノミ・ダニ・回虫の完全予防法,フィプロフォートプラス(猫用),https://biodiversityexplorer.org/product.php?pid=28,https://mttag.com/s/yaFOovyO8ac
pet-parasite-prevention-guide,ペットの寄生虫対策まとめ｜フィラリア・ノミ・ダニ・回虫の完全予防法,ミルプラゾンチュアブル(猫用),https://biodiversityexplorer.org/product.php?pid=297,https://mttag.com/s/GERGlgYfF50
safe-pet-medicine-selection,安全なペット医薬品の選び方｜獣医師が教える正規品の見分け方と購入先,わんにゃん薬局トップ,https://biodiversityexplorer.org/,https://mttag.com/s/CiN-gOTx1i8